name,binomen,sequence
Human,Homo sapiens,MGDVEKGKKIFIMKCSQCHTVEKGGKHKTGPNLHGLFGRKTGQAPGYSYTAANKNKGIIWGEDTLMEYLENPKKYIPGTKMIFVGIKKKEERADLIAYLKKATNE
Mouse,Mus musculus,MGDVEKGKKIFVQKCAQCHTVEKGGKHKTGPNLHGLFGRKTGQAAGFSYTDANKNKGITWGEDTLMEYLENPKKYIPGTKMIFAGIKKKGERADLIAYLKKATNE
Horse,Equus caballus,MGDVEKGKKIFVQKCAQCHTVEKGGKHKTGPNLHGLFGRKTGQAPGFTYTDANKNKGITWKEETLMEYLENPKKYIPGTKMIFAGIKKKTEREDLIAYLKKATNE
Red bread mold,Neurospora crassa,MGFSAGDSKKGANLFKTRCAQCHTLEEGGGNKIGPALHGLFGRKTGSVDGYAYTDANKQKGITWDENTLFEYLENPKKYIPGTKMAFGGLKKDKDRNDIITFMKEATA
Common snapping turtle,Chelydra serpentina,MGDVEKGKKIFVQKCAQCHTVEKGGKHKTGPNLNGLIGRKTGQAEGFSYTEANKNKGITWGEETLMEYLENPKKYIPGTKMIFAGIKKKAERADLIAYLKDATSK
Desert locust,Schistocerca gregaria,MGVPQGDVEKGKKIFVQRCAQCHTVEAGGKHKTGPNLHGLFGRKTGQAPGFSYTDANKSKGITWDENTLFIYLENPKKYIPGTKMVFAGLKKPEERADLIAYLKESTK
Buttercup squash,Cucurbita maxima,ASFDEAPPGNSKAGEKIFKTKCAQCHTVDKGAGHKQGPNLNGLFGRQSGTTPGYSYSAANKNRAVIWEEKTLYDYLLNPKKYIPGTKMVFPGLKKPQDRADLIAYLKEATA
Tetrahymena,Tetrahymena pyriformis,GPKEPEVTVPEGDASAGRDIFDSQCSACHAIEGDSTAAPVLGGVIGRKAGQEKFAYSKGMKGSGITWNEKHLFVFLKNPSKHVPGTKMAFAGLPADKDRADLIAYLKSV
Debaryomyces hansenii,Debaryomyces hansenii,MPAPYEKGSEKKGANLFKTRCLQCHTVEEGGPHKVGPNLHGVVGRTSGQAQGFSYTDANKKKGVEWSEQNLSDYLENPKKYIPGTKMAFGGLKKAKDRNDLISYLVKATK
Common wheat,Triticum aestivum,ASFSEAPPGNPDAGAKIFKTKCAQCHTVDAGAGHKQGPNLHGLFGRQSGTTAGYSYSAANKNKAVEWEENTLYDYLLNPKKYIPGTKMVFPGLKKPQDRADLIAYLKKATSS
Ailanthus silkmoth,Samia cynthia,MGVPAGNAENGKKIFVQRCAQCHTVEAGGKHKVGPNLHGFYGRKTGQAPGFSYSNANKAKGITWGDDTLFEYLENPKKYIPGTKMVFAGLKKANERADLIAYLKESTK
Redworm,eisenia foetida,GGIPAGDVEKGKTIFKQRCAQCHTVDKGGPHKTGPNLHGIFGRATGQAAGFAYTDANKSKGITWTKDTLYEYLENPKKYIPGTKMVFAGLKNEKQRANLIAYLEQETK
Monsoon river prawn,Macrobrachium malcolmsonii,MGDVEKGKKIFVQRCAQCHSAQANLKHKTGPNLNGLFGRQTGQASGYVYTDANKAKGITWQADTLDVYLENPKKYIPGTKMVFAGLKKANERADLIAYLKQATNL
Corn,Zea mays,ASFSEAPPGNPKAGEKIFKTKCAQCHTVEKGAGHKQGPNLNGLFGRQSGTTAGYSYSAANKNKAVVWEENTLYDYLLNPXKYIPGTKMVFPGLXKPQERADLIAYLKEATA
Skipjack tuna,katsuwonus pelamis,MGDVAKGKKTFVQKCAQCHTVENGGKHKVGPNLWGLFGRKTGQAEGYSYTDANKSKGIVWNENTLMEYLENPKKYIPGTKMIFAGIKKKGERQDLVAYLKSATS
Chlamydomonas,chlamydomonas reinhardtii,MSTFAEAPAGDLARGEKIFKTKCAQCHVAEKGGGHKQGPNLGGLFGRVSGTAAGFAYSKANKEAAVTWGESTLYEYLLNPKKYMPGNKMVFAGLKKPEERADLIAYLKQATA
Nigella,nigella damascena,ASFBZAPAGBSASGEKIFKTKCAZCHTVBZGAGHKZGPNLHGLFGRQSGTVAGYSYSAANKNKAVNWEEKTLYDYLLNPKKYIPGTKMVFPGLKKPZZRABLLAYLKESTA
Northern greater galago,otolemur garnettii,MSDIEKGKKIFVQKCAQCHTVDKGGKHKTGPNLHGLFGRKTGQAAGFSYTDANKNKGITWGEDTLMEYLENPKKYIPGTKMIFAGVKKKGERADLIDYLKKATNE
Mallard,anas platyrhynchos,MGDVEKGKKIFVQKCSQCHTVEKGGKHKTGPNLHGLFGRKTGQAEGFSYTDANKNKGITWGEDTLMEYLENPKKYIPGTKMIFAGIKKKSERADLIAYLKDATAK
American bullfrog,rana catesbeiana,MGDVEKGKKIFVQKCAQCHTCEKGGKHKVGPNLYGLIGRKTGQAAGFSYTDANKNKGITWGEDTLMEYLENPKKYIPGTKMIFAGIKKKGERQDLIAYLKSACSK
